keeper,catches,stumpings,total_dismissals,matches_as_keeper,batter,team,matches,innings,dismisals,not_out,runs,balls,fours,sixes,50s,100s,highest_score,strike_rate,average,dismissals_per_match,catches_per_match,stumpings_per_match,runs_score,keeping_score,keeper_score
A Bagai,29,5,34,20,A Bagai,Canada,24,24,21,3,614,995,63,1,5,0,87,61.71,29.24,1.7,1.45,0.25,5.27,7.98,6.62
A Hunter,16,9,25,14,A Hunter,Ireland,39,39,36,3,1130,1352,125,3,7,1,121,83.58,31.39,1.79,1.14,0.64,9.71,5.87,7.79
A Saud,8,2,10,5,A Saud,Nepal,11,11,11,0,189,401,17,4,1,0,51,47.13,17.18,2.0,1.6,0.4,1.62,2.35,1.98
A Sharma,22,1,23,16,A Sharma,United Arab Emirates,29,29,27,2,578,791,68,9,3,0,98,73.07,21.41,1.44,1.38,0.06,4.97,5.4,5.18
A Valthapa,3,1,4,2,A Valthapa,United Arab Emirates,1,1,1,0,14,22,1,0,0,0,14,63.64,14.0,2.0,1.5,0.5,0.12,0.94,0.53
AA Mulla,4,1,5,4,AA Mulla,Canada,8,8,8,0,150,160,21,4,1,0,58,93.75,18.75,1.25,1.0,0.25,1.29,1.17,1.23
AA Shafique,2,2,4,2,AA Shafique,Oman,1,1,1,0,13,33,2,0,0,0,13,39.39,13.0,2.0,1.0,1.0,0.11,0.94,0.52
AB de Villiers,174,5,179,114,AB de Villiers,South Africa,213,213,175,38,9435,9488,825,200,52,25,176,99.44,53.91,1.57,1.53,0.04,81.06,42.02,61.54
AC Gilchrist,186,19,205,95,AC Gilchrist,Australia,118,118,112,6,4355,4260,556,75,27,7,172,102.23,38.88,2.16,1.96,0.2,37.41,48.12,42.76
AE Jones,88,19,107,62,AE Jones,England,85,85,73,12,2593,3043,298,20,16,2,129,85.21,35.52,1.73,1.42,0.31,22.28,25.12,23.7
AJ Healy,63,33,96,62,AJ Healy,Australia,95,95,88,7,3338,3389,473,34,16,7,170,98.5,37.93,1.55,1.02,0.53,28.68,22.54,25.61
AJ Stewart,12,2,14,8,AJ Stewart,England,12,12,11,1,398,547,32,1,4,0,83,72.76,36.18,1.75,1.5,0.25,3.42,3.29,3.36
AT Carey,90,8,98,53,AT Carey,Australia,77,77,64,13,2245,2533,213,24,13,1,106,88.63,35.08,1.85,1.7,0.15,19.29,23.0,21.14
Aasif Sheikh,43,6,49,34,Aasif Sheikh,Nepal,60,60,55,5,1578,2153,185,15,12,1,110,73.29,28.69,1.44,1.26,0.18,13.56,11.5,12.53
Abdul Shakoor,3,1,4,2,Abdul Shakoor,United Arab Emirates,2,2,2,0,34,66,2,1,0,0,24,51.52,17.0,2.0,1.5,0.5,0.29,0.94,0.62
Amjad Ali,7,1,8,5,Amjad Ali,United Arab Emirates,10,10,10,0,249,387,33,0,1,0,77,64.34,24.9,1.6,1.4,0.2,2.14,1.88,2.01
B Bhandari,23,1,24,12,B Bhandari,Nepal,13,13,13,0,265,443,24,3,1,0,59,59.82,20.38,2.0,1.92,0.08,2.28,5.63,3.96
B Tau,6,4,10,5,B Tau,Papua New Guinea,11,11,11,0,159,351,16,0,0,0,38,45.3,14.45,2.0,1.2,0.8,1.37,2.35,1.86
B de Leede,13,3,16,11,B de Leede,Netherlands,13,13,13,0,289,435,32,1,2,0,76,66.44,22.23,1.45,1.18,0.27,2.48,3.76,3.12
BAM Heath,3,1,4,3,BAM Heath,England,4,4,3,1,59,61,3,1,0,0,33,96.72,19.67,1.33,1.0,0.33,0.51,0.94,0.72
BB Chari,3,1,4,3,BB Chari,Zimbabwe,14,14,14,0,186,412,12,2,0,0,39,45.15,13.29,1.33,1.0,0.33,1.6,0.94,1.27
BB McCullum,212,14,226,129,BB McCullum,New Zealand,186,186,164,22,5157,5457,490,172,29,4,131,94.5,31.45,1.75,1.64,0.11,44.3,53.05,48.68
BJ Haddin,161,9,170,87,BJ Haddin,Australia,107,107,93,14,3003,3648,283,70,16,2,110,82.32,32.29,1.95,1.85,0.1,25.8,39.91,32.85
BKG Mendis,85,16,101,64,BKG Mendis,Sri Lanka,136,136,127,9,4419,5168,464,67,30,6,143,85.51,34.8,1.58,1.33,0.25,37.96,23.71,30.84
BL Mooney,52,2,54,39,BL Mooney,Australia,83,83,62,21,3090,3501,328,14,19,6,138,88.26,49.84,1.38,1.33,0.05,26.55,12.68,19.62
BRM Taylor,103,17,120,74,BRM Taylor,Zimbabwe,162,163,153,10,5150,6970,480,66,27,10,145,73.89,33.66,1.62,1.39,0.23,44.24,28.17,36.2
BT Foakes,2,1,3,1,BT Foakes,England,1,1,0,0,61,78,3,1,1,0,61,78.21,inf,3.0,2.0,1.0,0.52,0.7,0.61
Batool Fatima,4,9,13,6,Batool Fatima,Pakistan,5,5,5,0,64,105,6,0,0,0,28,60.95,12.8,2.17,0.67,1.5,0.55,3.05,1.8
C Carter,7,2,9,7,C Carter,Hong Kong,8,8,8,0,111,176,16,0,0,0,43,63.07,13.88,1.29,1.0,0.29,0.95,2.11,1.53
C Kieswetter,53,11,64,34,C Kieswetter,England,38,38,34,4,985,1130,98,30,4,1,107,87.17,28.97,1.88,1.56,0.32,8.46,15.02,11.74
C Madande,10,1,11,7,C Madande,Zimbabwe,13,13,12,1,287,390,29,0,2,0,74,73.59,23.92,1.57,1.43,0.14,2.47,2.58,2.53
CAK Walton,9,1,10,4,CAK Walton,West Indies,8,8,8,0,53,88,7,0,0,0,19,60.23,6.62,2.5,2.25,0.25,0.46,2.35,1.4
CD Wallace,14,1,15,10,CD Wallace,Scotland,25,25,24,1,515,598,42,9,4,0,58,86.12,21.46,1.5,1.4,0.1,4.42,3.52,3.97
CE Coulter Reilly,5,2,7,4,CE Coulter Reilly,Ireland,10,10,9,1,207,325,22,0,1,0,80,63.69,23.0,1.75,1.25,0.5,1.78,1.64,1.71
CJO Smith,6,3,9,6,CJO Smith,Scotland,9,9,9,0,157,240,23,0,1,0,51,65.42,17.44,1.5,1.0,0.5,1.35,2.11,1.73
CK Coventry,10,1,11,11,CK Coventry,Zimbabwe,24,24,23,1,645,737,48,26,3,1,194,87.52,28.04,1.0,0.91,0.09,5.54,2.58,4.06
CO Browne,16,3,19,8,CO Browne,West Indies,8,8,6,2,144,171,14,2,0,0,46,84.21,24.0,2.38,2.0,0.38,1.24,4.46,2.85
CS Baugh,34,9,43,26,CS Baugh,West Indies,27,27,20,7,382,563,30,4,0,0,49,67.85,19.1,1.65,1.31,0.35,3.28,10.09,6.68
CT Dhururu,8,4,12,8,CT Dhururu,Zimbabwe,19,19,16,3,221,540,21,0,0,0,46,40.93,13.81,1.5,1.0,0.5,1.9,2.82,2.36
D Bau,5,2,7,4,D Bau,Papua New Guinea,8,8,7,1,130,222,10,1,0,0,46,58.56,18.57,1.75,1.25,0.5,1.12,1.64,1.38
D Murphy,3,2,5,1,D Murphy,Scotland,2,2,2,0,9,28,0,0,0,0,7,32.14,4.5,5.0,3.0,2.0,0.08,1.17,0.62
D Ramdin,164,7,171,92,D Ramdin,West Indies,103,103,84,19,2072,2636,153,31,7,2,169,78.6,24.67,1.86,1.78,0.08,17.8,40.14,28.97
DA Minors,8,1,9,6,DA Minors,Bermuda,8,8,8,0,104,176,10,4,0,0,37,59.09,13.0,1.5,1.33,0.17,0.89,2.11,1.5
DC Thomas,23,6,29,16,DC Thomas,West Indies,19,19,17,2,238,379,19,2,0,0,37,62.8,14.0,1.81,1.44,0.38,2.04,6.81,4.42
Dhiman Ghosh,6,3,9,5,Dhiman Ghosh,Bangladesh,11,11,9,2,124,205,9,1,0,0,30,60.49,13.78,1.8,1.2,0.6,1.07,2.11,1.59
EL Watson,1,3,4,3,EL Watson,Scotland,8,8,7,1,50,125,2,0,0,0,16,40.0,7.14,1.33,0.33,1.0,0.43,0.94,0.68
EMKNH Senavirathna,3,2,5,2,EMKNH Senavirathna,Sri Lanka,2,2,2,0,7,22,0,0,0,0,5,31.82,3.5,2.5,1.5,1.0,0.06,1.17,0.62
GC Wilson,38,5,43,28,GC Wilson,Ireland,57,57,49,8,1232,1653,105,14,9,0,80,74.53,25.14,1.54,1.36,0.18,10.58,10.09,10.34
GJ Hopkins,17,1,18,9,GJ Hopkins,New Zealand,16,16,16,0,236,317,19,2,0,0,45,74.45,14.75,2.0,1.89,0.11,2.03,4.23,3.13
GO Jones,59,4,63,28,GO Jones,England,34,34,28,6,715,883,63,14,4,0,80,80.97,25.54,2.25,2.11,0.14,6.14,14.79,10.46
Ghulam Shabber,27,1,28,12,Ghulam Shabber,United Arab Emirates,20,20,20,0,444,716,43,3,3,0,90,62.01,22.2,2.33,2.25,0.08,3.81,6.57,5.19
H Klaasen,50,7,57,34,H Klaasen,South Africa,55,55,48,7,2131,1839,199,72,11,4,174,115.88,44.4,1.68,1.47,0.21,18.31,13.38,15.84
HAPW Jayawardene,3,1,4,2,HAPW Jayawardene,Sri Lanka,2,2,2,0,4,10,0,0,0,0,4,40.0,2.0,2.0,1.5,0.5,0.03,0.94,0.48
Hammad Mirza,12,2,14,8,Hammad Mirza,Oman,11,11,10,1,268,400,25,3,2,0,77,67.0,26.8,1.75,1.5,0.25,2.3,3.29,2.8
Hamza Tariq,1,1,2,1,Hamza Tariq,Canada,5,5,5,0,99,144,14,2,1,0,71,68.75,19.8,2.0,1.0,1.0,0.85,0.47,0.66
IA Karim,3,1,4,3,IA Karim,Kenya,3,3,3,0,196,237,23,0,1,1,108,82.7,65.33,1.33,1.0,0.33,1.68,0.94,1.31
IC Gaze,32,6,38,19,IC Gaze,New Zealand,26,26,20,6,445,544,52,2,2,0,65,81.8,22.25,2.0,1.68,0.32,3.82,8.92,6.37
Ishan Kishan,13,2,15,10,Ishan Kishan,India,23,23,21,2,886,890,90,31,7,1,210,99.55,42.19,1.5,1.3,0.2,7.61,3.52,5.56
J Charles,26,2,28,22,J Charles,West Indies,58,59,59,0,1544,1840,173,45,7,2,130,83.91,26.17,1.27,1.18,0.09,13.26,6.57,9.91
J Da Silva,1,1,2,2,J Da Silva,West Indies,2,2,2,0,14,35,1,0,0,0,9,40.0,7.0,1.0,0.5,0.5,0.12,0.47,0.3
J Edness,1,1,2,1,J Edness,Bermuda,4,4,4,0,119,218,13,0,1,0,72,54.59,29.75,2.0,1.0,1.0,1.02,0.47,0.74
J Smits,11,2,13,9,J Smits,Netherlands,8,8,5,3,72,195,4,0,0,0,26,36.92,14.4,1.44,1.22,0.22,0.62,3.05,1.84
JC Buttler,233,38,271,148,JC Buttler,England,168,169,138,31,5473,4839,445,182,29,11,162,113.1,39.66,1.83,1.57,0.26,47.02,63.62,55.32
JJ Atkinson,4,4,8,3,JJ Atkinson,Hong Kong,4,4,4,0,84,152,8,2,0,0,23,55.26,21.0,2.67,1.33,1.33,0.72,1.88,1.3
JM Bairstow,56,3,59,42,JM Bairstow,England,95,95,87,8,3671,3682,418,83,16,10,141,99.7,42.2,1.4,1.33,0.07,31.54,13.85,22.7
JM Fields,10,2,12,7,JM Fields,Australia,8,8,7,1,215,333,20,0,1,0,51,64.56,30.71,1.71,1.43,0.29,1.85,2.82,2.34
JNT Vare,3,1,4,2,JNT Vare,Papua New Guinea,5,5,5,0,35,71,1,0,0,0,16,49.3,7.0,2.0,1.5,0.5,0.3,0.94,0.62
JP Inglis,27,4,31,16,JP Inglis,Australia,28,28,25,3,766,736,77,22,4,1,120,104.08,30.64,1.94,1.69,0.25,6.58,7.28,6.93
JS Malhotra,10,1,11,8,JS Malhotra,United States of America,15,15,12,3,358,382,23,20,1,1,173,93.72,29.83,1.38,1.25,0.12,3.08,2.58,2.83
K Doriga,16,6,22,16,K Doriga,Papua New Guinea,33,33,32,1,520,927,46,11,3,0,73,56.09,16.25,1.38,1.0,0.38,4.47,5.16,4.81
K Meso,9,1,10,7,K Meso,South Africa,6,6,5,1,46,102,3,0,0,0,17,45.1,9.2,1.43,1.29,0.14,0.4,2.35,1.38
KC Sangakkara,324,75,399,209,KC Sangakkara,Sri Lanka,284,284,252,32,11640,14663,1122,77,76,24,169,79.38,46.19,1.91,1.55,0.36,100.0,93.66,96.83
KD Karthik,64,7,71,46,KD Karthik,India,76,76,56,20,1624,2275,162,15,8,0,79,71.38,29.0,1.54,1.39,0.15,13.95,16.67,15.31
KJ Martin,48,10,58,33,KJ Martin,New Zealand,53,53,46,7,1161,1536,111,1,6,0,81,75.59,25.24,1.76,1.45,0.3,9.97,13.62,11.8
KL Rahul,80,8,88,53,KL Rahul,India,84,84,64,20,3270,3659,252,75,19,8,112,89.37,51.09,1.66,1.51,0.15,28.09,20.66,24.38
KO Otieno,16,4,20,11,KO Otieno,Kenya,18,18,18,0,250,595,29,4,2,0,79,42.02,13.89,1.82,1.45,0.36,2.15,4.69,3.42
KV Jain,5,2,7,4,KV Jain,India,6,6,6,0,104,219,11,0,1,0,56,47.49,17.33,1.75,1.25,0.5,0.89,1.64,1.26
Kamran Akmal,137,30,167,95,Kamran Akmal,Pakistan,118,118,109,9,2746,3374,316,32,9,4,124,81.39,25.19,1.76,1.44,0.32,23.59,39.2,31.4
Khaled Mashud,28,14,42,24,Khaled Mashud,Bangladesh,36,36,25,11,605,1139,40,1,2,0,71,53.12,24.2,1.75,1.17,0.58,5.2,9.86,7.53
Kycia A Knight,12,4,16,13,Kycia A Knight,West Indies,44,44,43,1,699,1350,78,2,1,0,69,51.78,16.26,1.23,0.92,0.31,6.01,3.76,4.88
L Lee,37,2,39,29,L Lee,South Africa,76,77,68,9,2516,3044,320,48,17,2,132,82.65,37.0,1.34,1.28,0.07,21.62,9.15,15.39
L Ronchi,104,12,116,66,L Ronchi,New Zealand,67,67,59,8,1397,1241,149,43,4,1,170,112.57,23.68,1.76,1.58,0.18,12.0,27.23,19.62
L Tucker,70,3,73,38,L Tucker,Ireland,43,43,37,6,844,1045,79,9,3,0,61,80.77,22.81,1.92,1.84,0.08,7.25,17.14,12.2
LD Chandimal,56,7,63,53,LD Chandimal,Sri Lanka,137,137,118,19,3657,5072,249,42,24,3,111,72.1,30.99,1.19,1.06,0.13,31.42,14.79,23.1
Liton Das,57,4,61,35,Liton Das,Bangladesh,85,85,79,6,2181,2594,237,40,10,4,176,84.08,27.61,1.74,1.63,0.11,18.74,14.32,16.53
M Bhanuka,5,1,6,3,M Bhanuka,Sri Lanka,6,6,6,0,140,199,13,2,0,0,36,70.35,23.33,2.0,1.67,0.33,1.2,1.41,1.3
M Mupachikwa,21,2,23,17,M Mupachikwa,Zimbabwe,27,27,26,1,621,1126,62,0,4,0,77,55.15,23.88,1.35,1.24,0.12,5.34,5.4,5.37
MA Ouma,10,2,12,10,MA Ouma,Kenya,26,26,24,2,468,855,49,2,1,0,54,54.74,19.5,1.2,1.0,0.2,4.02,2.82,3.42
MAA Sanjeewani,26,10,36,23,MAA Sanjeewani,Sri Lanka,41,41,35,6,575,949,42,2,1,0,55,60.59,16.43,1.57,1.13,0.43,4.94,8.45,6.7
MADD Surangika,13,2,15,12,MADD Surangika,Sri Lanka,34,34,28,6,642,1210,59,1,3,0,84,53.06,22.93,1.25,1.08,0.17,5.52,3.52,4.52
MD Patel,38,2,40,28,MD Patel,United States of America,66,66,63,3,2132,2682,173,30,16,3,130,79.49,33.84,1.43,1.36,0.07,18.32,9.39,13.86
MDKJ Perera,48,3,51,35,MDKJ Perera,Sri Lanka,107,107,103,4,3077,3375,344,51,16,6,135,91.17,29.87,1.46,1.37,0.09,26.43,11.97,19.2
MH Cross,108,10,118,67,MH Cross,Scotland,82,82,80,2,1877,2690,161,18,10,2,114,69.78,23.46,1.76,1.61,0.15,16.13,27.7,21.92
MJ Prior,69,7,76,44,MJ Prior,England,57,57,50,7,1229,1652,132,6,3,0,87,74.39,24.58,1.73,1.57,0.16,10.56,17.84,14.2
MN van Wyk,11,1,12,8,MN van Wyk,South Africa,16,16,16,0,425,631,48,4,4,0,82,67.35,26.56,1.5,1.38,0.12,3.65,2.82,3.24
MR Aguilleira,10,5,15,11,MR Aguilleira,West Indies,25,25,22,3,323,598,26,3,0,0,46,54.01,14.68,1.36,0.91,0.45,2.77,3.52,3.14
MS Dhoni,308,118,426,233,MS Dhoni,India,279,279,200,79,10274,12090,787,210,72,9,148,84.98,51.37,1.83,1.32,0.51,88.26,100.0,94.13
MS Wade,104,9,113,60,MS Wade,Australia,82,82,70,12,1792,2226,127,33,10,1,100,80.5,25.6,1.88,1.73,0.15,15.4,26.53,20.96
MV Boucher,173,9,182,92,MV Boucher,South Africa,106,106,78,28,2617,2961,199,55,12,1,147,88.38,33.55,1.98,1.88,0.1,22.48,42.72,32.6
MV Waldron,18,8,26,15,MV Waldron,Ireland,21,21,18,3,290,639,26,0,0,0,41,45.38,16.11,1.73,1.2,0.53,2.49,6.1,4.3
Mohammad Boota,0,1,1,1,Mohammad Boota,United Arab Emirates,7,7,6,1,173,240,12,6,1,0,59,72.08,28.83,1.0,0.0,1.0,1.49,0.23,0.86
Mohammad Haris,6,2,8,5,Mohammad Haris,Pakistan,5,5,4,1,30,36,2,1,0,0,17,83.33,7.5,1.6,1.2,0.4,0.26,1.88,1.07
Mohammad Rizwan,106,7,113,63,Mohammad Rizwan,Pakistan,88,88,67,21,2833,3401,238,35,18,4,131,83.3,42.28,1.79,1.68,0.11,24.34,26.53,25.44
Mohammad Salman,2,1,3,3,Mohammad Salman,Pakistan,3,3,2,1,22,40,2,0,0,0,19,55.0,11.0,1.0,0.67,0.33,0.19,0.7,0.44
Moin Khan,16,3,19,11,Moin Khan,Pakistan,15,15,10,5,274,318,21,3,2,0,72,86.16,27.4,1.73,1.45,0.27,2.35,4.46,3.4
Muneeba Ali,23,5,28,20,Muneeba Ali,Pakistan,57,57,54,3,1364,2272,165,4,5,1,107,60.04,25.26,1.4,1.15,0.25,11.72,6.57,9.14
Mushfiqur Rahim,217,46,263,153,Mushfiqur Rahim,Bangladesh,227,227,188,39,7096,8993,568,94,44,9,144,78.91,37.74,1.72,1.42,0.3,60.96,61.74,61.35
N Dickwella,41,11,52,33,N Dickwella,Sri Lanka,52,52,51,1,1604,1758,187,12,9,2,116,91.24,31.45,1.58,1.24,0.33,13.78,12.21,13.0
N Koncharoenkai,8,2,10,5,N Koncharoenkai,Thailand,11,11,10,1,182,260,22,0,0,0,30,70.0,18.2,2.0,1.6,0.4,1.56,2.35,1.96
N Pooran,20,1,21,19,N Pooran,West Indies,54,54,47,7,1829,1913,142,75,9,3,118,95.61,38.91,1.11,1.05,0.05,15.71,4.93,10.32
NJ O'Brien,67,6,73,38,NJ O'Brien,Ireland,63,63,57,6,1692,2394,140,25,12,1,109,70.68,29.68,1.92,1.76,0.16,14.54,17.14,15.84
NV Ojha,0,1,1,1,NV Ojha,India,1,1,1,0,1,9,0,0,0,0,1,11.11,1.0,1.0,0.0,1.0,0.01,0.23,0.12
Najiha Alvi,4,7,11,5,Najiha Alvi,Pakistan,12,12,9,3,206,318,10,0,0,0,36,64.78,22.89,2.2,0.8,1.4,1.77,2.58,2.17
Naseem Khushi,22,3,25,15,Naseem Khushi,Oman,24,24,23,1,360,335,24,19,1,0,69,107.46,15.65,1.67,1.47,0.2,3.09,5.87,4.48
Nigar Sultana,30,21,51,27,Nigar Sultana,Bangladesh,54,55,49,6,1325,2409,115,5,6,1,101,55.0,27.04,1.89,1.11,0.78,11.38,11.97,11.68
Nurul Hasan,13,4,17,9,Nurul Hasan,Bangladesh,8,8,4,4,213,223,18,5,0,0,45,95.52,53.25,1.89,1.44,0.44,1.83,3.99,2.91
P Mustard,7,2,9,6,P Mustard,England,9,9,9,0,219,244,25,5,1,0,83,89.75,24.33,1.5,1.17,0.33,1.88,2.11,2.0
PA Nixon,20,3,23,15,PA Nixon,England,18,18,14,4,297,351,21,7,0,0,49,84.62,21.21,1.53,1.33,0.2,2.55,5.4,3.98
PA Patel,22,8,30,15,PA Patel,India,29,29,26,3,693,884,75,7,4,0,95,78.39,26.65,2.0,1.47,0.53,5.95,7.04,6.5
PJ Moor,11,1,12,10,PJ Moor,Zimbabwe,32,32,31,1,520,781,29,20,1,0,50,66.58,16.77,1.2,1.1,0.1,4.47,2.82,3.64
PM Weerakkody,26,11,37,18,PM Weerakkody,Sri Lanka,37,37,36,1,638,1172,64,0,1,0,61,54.44,17.72,2.06,1.44,0.61,5.48,8.69,7.08
Pooja Ganesh,2,1,3,2,Pooja Ganesh,United States of America,3,3,2,1,49,93,2,0,0,0,45,52.69,24.5,1.5,1.0,0.5,0.42,0.7,0.56
Q de Kock,207,18,225,118,Q de Kock,South Africa,159,159,151,8,7014,7390,791,131,31,23,178,94.91,46.45,1.91,1.75,0.15,60.26,52.82,56.54
R Boyce,1,2,3,2,R Boyce,West Indies,5,5,5,0,30,100,3,0,0,0,14,30.0,6.0,1.5,0.5,1.0,0.26,0.7,0.48
R Dravid,76,5,81,59,R Dravid,India,118,118,98,20,3723,5220,348,17,34,1,103,71.32,37.99,1.37,1.29,0.08,31.98,19.01,25.5
R Mutumbami,11,2,13,11,R Mutumbami,Zimbabwe,23,23,21,2,319,447,36,5,1,0,67,71.36,15.19,1.18,1.0,0.18,2.74,3.05,2.9
RD Jacobs,21,4,25,13,RD Jacobs,West Indies,13,13,8,5,142,225,7,1,1,0,50,63.11,17.75,1.92,1.62,0.31,1.22,5.87,3.54
RD Rickelton,18,6,24,14,RD Rickelton,South Africa,16,16,15,1,351,431,40,5,1,0,91,81.44,23.4,1.71,1.29,0.43,3.02,5.63,4.32
RH Priest,30,5,35,21,RH Priest,New Zealand,28,28,28,0,661,816,97,4,4,1,108,81.0,23.61,1.67,1.43,0.24,5.68,8.22,6.95
RM Ghosh,36,9,45,32,RM Ghosh,India,52,52,42,10,1208,1210,126,38,7,0,96,99.83,28.76,1.41,1.12,0.28,10.38,10.56,10.47
RR Pant,27,1,28,17,RR Pant,India,27,27,26,1,871,846,91,26,5,1,125,102.96,33.5,1.65,1.59,0.06,7.48,6.57,7.02
RS Kaluwitharana,4,2,6,4,RS Kaluwitharana,Sri Lanka,8,8,7,1,176,246,22,1,2,0,54,71.54,25.14,1.5,1.0,0.5,1.51,1.41,1.46
RS Williams,10,3,13,10,RS Williams,West Indies,33,33,31,2,477,1032,44,2,2,0,78,46.22,15.39,1.3,1.0,0.3,4.1,3.05,3.58
RV Uthappa,21,2,23,17,RV Uthappa,India,41,41,36,5,934,1070,108,19,6,0,86,87.29,25.94,1.35,1.24,0.12,8.02,5.4,6.71
RW Chakabva,44,4,48,25,RW Chakabva,Zimbabwe,50,50,47,3,1106,1650,88,8,4,1,102,67.03,23.53,1.92,1.76,0.16,9.5,11.27,10.38
Rabiya Shah,5,1,6,5,Rabiya Shah,Pakistan,6,6,5,1,80,127,10,0,0,0,34,62.99,16.0,1.2,1.0,0.2,0.69,1.41,1.05
Rashid Latif,26,4,30,14,Rashid Latif,Pakistan,17,17,15,2,335,408,22,6,0,0,38,82.11,22.33,2.14,1.86,0.29,2.88,7.04,4.96
S Jafta,46,4,50,31,S Jafta,South Africa,33,33,25,8,390,581,43,2,1,0,57,67.13,15.6,1.61,1.48,0.13,3.35,11.74,7.54
S Movva,27,3,30,17,S Movva,Canada,22,22,16,6,468,743,30,4,3,0,68,62.99,29.25,1.76,1.59,0.18,4.02,7.04,5.53
S Naik,4,3,7,3,S Naik,India,4,4,3,1,25,39,1,0,0,0,24,64.1,8.33,2.33,1.33,1.0,0.21,1.64,0.92
S Sriharsha,6,2,8,5,S Sriharsha,United States of America,7,7,4,3,200,295,12,0,1,0,69,67.8,50.0,1.6,1.2,0.4,1.72,1.88,1.8
S Verma,19,19,38,23,S Verma,India,15,15,13,2,135,217,11,1,0,0,41,62.21,10.38,1.65,0.83,0.83,1.16,8.92,5.04
SA Campbelle,38,9,47,32,SA Campbelle,West Indies,71,71,64,7,1379,2287,126,6,4,1,105,60.3,21.55,1.47,1.19,0.28,11.85,11.03,11.44
SA Edwards,62,10,72,38,SA Edwards,Netherlands,58,58,49,9,1873,2120,136,17,17,0,83,88.35,38.22,1.89,1.63,0.26,16.09,16.9,16.49
SA Wijeratne,12,1,13,6,SA Wijeratne,Canada,9,9,9,0,191,275,16,1,2,0,59,69.45,21.22,2.17,2.0,0.17,1.64,3.05,2.34
SD Hope,147,14,161,91,SD Hope,West Indies,135,137,117,20,5666,7078,460,113,28,18,170,80.05,48.43,1.77,1.62,0.15,48.68,37.79,43.24
SJ Bryce,13,5,18,9,SJ Bryce,Scotland,10,10,10,0,298,417,35,0,2,0,84,71.46,29.8,2.0,1.44,0.56,2.56,4.23,3.4
SJ Taylor,40,24,64,37,SJ Taylor,England,51,51,48,3,1651,1932,193,1,9,2,147,85.46,34.4,1.73,1.08,0.65,14.18,15.02,14.6
SK Atai,9,1,10,7,SK Atai,Papua New Guinea,12,12,9,3,90,184,6,0,0,0,25,48.91,10.0,1.43,1.29,0.14,0.77,2.35,1.56
SK Patel,26,3,29,11,SK Patel,United States of America,20,20,18,2,655,869,68,6,3,1,152,75.37,36.39,2.64,2.36,0.27,5.63,6.81,6.22
SP Patil,7,1,8,5,SP Patil,United Arab Emirates,8,8,7,1,153,295,13,0,1,0,57,51.86,21.86,1.6,1.4,0.2,1.31,1.88,1.6
SS McKechnie,8,1,9,4,SS McKechnie,Hong Kong,6,6,6,0,73,142,4,0,0,0,29,51.41,12.17,2.25,2.0,0.25,0.63,2.11,1.37
ST Doheny,3,1,4,3,ST Doheny,Ireland,9,9,9,0,165,275,16,2,1,0,84,60.0,18.33,1.33,1.0,0.33,1.42,0.94,1.18
SV Samson,9,2,11,8,SV Samson,India,14,14,9,5,510,527,34,22,3,1,108,96.77,56.67,1.38,1.12,0.25,4.38,2.58,3.48
SW Billings,20,1,21,18,SW Billings,England,22,22,20,2,690,768,73,8,5,1,118,89.84,34.5,1.17,1.11,0.06,5.93,4.93,5.43
Sarfraz Ahmed,117,24,141,77,Sarfraz Ahmed,Pakistan,89,89,67,22,2289,2673,174,12,11,2,105,85.63,34.16,1.83,1.52,0.31,19.66,33.1,26.38
Shamima Sultana,2,4,6,5,Shamima Sultana,Bangladesh,14,14,14,0,304,540,35,1,2,0,53,56.3,21.71,1.2,0.4,0.8,2.61,1.41,2.01
Shayan Jahangir,19,1,20,14,Shayan Jahangir,United States of America,27,27,23,4,691,774,74,10,3,1,100,89.28,30.04,1.43,1.36,0.07,5.94,4.69,5.32
Sidra Nawaz,43,24,67,39,Sidra Nawaz,Pakistan,53,53,42,11,441,853,38,0,0,0,47,51.7,10.5,1.72,1.1,0.62,3.79,15.73,9.76
T Bhatia,19,10,29,17,T Bhatia,India,11,11,9,2,138,205,13,0,1,0,68,67.32,15.33,1.71,1.12,0.59,1.19,6.81,4.0
T Chetty,67,25,92,53,T Chetty,South Africa,56,56,49,7,1414,2064,125,2,9,0,90,68.51,28.86,1.74,1.26,0.47,12.15,21.6,16.88
T Taibu,87,25,112,64,T Taibu,Zimbabwe,100,100,86,14,2837,4237,196,32,21,2,107,66.96,32.99,1.75,1.36,0.39,24.37,26.29,25.33
TA Blundell,13,2,15,9,TA Blundell,New Zealand,12,12,9,3,266,309,28,2,2,0,68,86.08,29.56,1.67,1.44,0.22,2.29,3.52,2.9
TD Paine,50,4,54,27,TD Paine,Australia,34,34,32,2,861,1250,94,6,5,1,111,68.88,26.91,2.0,1.85,0.15,7.4,12.68,10.04
TL Seifert,10,1,11,4,TL Seifert,New Zealand,3,3,3,0,59,57,3,2,0,0,26,103.51,19.67,2.75,2.5,0.25,0.51,2.58,1.54
TT Beaumont,32,1,33,29,TT Beaumont,England,112,112,103,9,4400,5829,528,24,22,12,168,75.48,42.72,1.14,1.1,0.03,37.8,7.75,22.78
TWM Latham,137,17,154,97,TWM Latham,New Zealand,148,148,130,18,4383,5270,372,59,25,8,145,83.17,33.72,1.59,1.41,0.18,37.65,36.15,36.9
Theertha Satish,6,4,10,8,Theertha Satish,United Arab Emirates,8,8,7,1,219,382,23,0,1,0,66,57.33,31.29,1.25,0.75,0.5,1.88,2.35,2.12
Umar Akmal,75,13,88,50,Umar Akmal,Pakistan,108,108,93,15,3032,3626,257,48,19,1,102,83.62,32.6,1.76,1.5,0.26,26.05,20.66,23.36
V Aravind,38,9,47,29,V Aravind,United Arab Emirates,63,63,60,3,1865,2785,180,16,9,2,115,66.97,31.08,1.62,1.31,0.31,16.02,11.03,13.52
V Krishnamurthy,17,1,18,13,V Krishnamurthy,India,22,22,19,3,410,475,49,4,3,0,70,86.32,21.58,1.38,1.31,0.08,3.52,4.23,3.88
V Shukla,9,3,12,7,V Shukla,Oman,7,7,6,1,144,172,6,7,0,0,46,83.72,24.0,1.71,1.29,0.43,1.24,2.82,2.03
VCE Wattenberg,1,1,2,1,VCE Wattenberg,Netherlands,2,2,2,0,0,3,0,0,0,0,0,0.0,0.0,2.0,1.0,1.0,0.0,0.47,0.24
W Barresi,16,3,19,14,W Barresi,Netherlands,37,37,34,3,882,1184,97,12,3,1,137,74.49,25.94,1.36,1.14,0.21,7.58,4.46,6.02
WP Saha,17,1,18,7,WP Saha,India,5,5,3,2,41,59,5,0,0,0,16,69.49,13.67,2.57,2.43,0.14,0.35,4.23,2.29
YH Bhatia,14,10,24,15,YH Bhatia,India,27,27,27,0,666,953,78,2,4,0,64,69.88,24.67,1.6,0.93,0.67,5.72,5.63,5.68
ZE Green,49,6,55,29,ZE Green,Namibia,40,40,37,3,851,1174,90,9,3,0,75,72.49,23.0,1.9,1.69,0.21,7.31,12.91,10.11
Zulqarnain Haider,1,1,2,1,Zulqarnain Haider,Pakistan,4,4,2,2,48,70,3,0,0,0,19,68.57,24.0,2.0,1.0,1.0,0.41,0.47,0.44
